{
  "best_score": 0.5740727904375773,
  "best_params": [
    1.294519403207279,
    2.2941730915880085,
    0.44396841489920663,
    0.6281257102299861,
    2.1391178362217755,
    0.009353055888000283,
    1.2300905458015738,
    0.9903649439057767,
    -0.12551601030318127,
    2.8473454371192473,
    1.817748772799216,
    6.381395790328732,
    4.341113711737233,
    1.7768251442452596,
    1.3714868785771412,
    0.6228763689448158,
    0.5430722510178044
  ],
  "config": {
    "iterations": 30,
    "population": 32,
    "elite_frac": 0.25,
    "noise_std": 0.35,
    "seed": 42
  }
}