{
  "best_score": 0.5409300429651757,
  "best_params": [
    1.1773477544965785,
    1.7404731943703933,
    0.3531180167292813,
    0.6321815165343665,
    2.951152567129296,
    0.8003018663825152,
    0.3755198571471726,
    1.4084191422672208,
    0.04569952886465267,
    2.6860227553402383,
    1.0143465382669992,
    6.635882517438216,
    4.333724912771794,
    2.553763434378279,
    1.1453943972984706,
    0.3887380036642459,
    -0.2653210501008573
  ],
  "config": {
    "iterations": 35,
    "population": 32,
    "elite_frac": 0.25,
    "noise_std": 0.35,
    "seed": 42
  },
  "best_train_score": 0.5740727904375773,
  "best_train_params": [
    1.294519403207279,
    2.2941730915880085,
    0.44396841489920663,
    0.6281257102299861,
    2.1391178362217755,
    0.009353055888000283,
    1.2300905458015738,
    0.9903649439057767,
    -0.12551601030318127,
    2.8473454371192473,
    1.817748772799216,
    6.381395790328732,
    4.341113711737233,
    1.7768251442452596,
    1.3714868785771412,
    0.6228763689448158,
    0.5430722510178044
  ],
  "selection_seeds": [
    901,
    902,
    903,
    904,
    905,
    906,
    907,
    908
  ],
  "selection_topk": 3
}